-- =============================================
-- Phase 2: Pentest Seeds
-- A. 8 built-in finding templates
-- B. 11 granular permissions + role mappings
-- C. 5 event types
-- D. "Pentest Operator" permission set
-- =============================================

-- A. Built-in Finding Templates
INSERT INTO pentest_finding_templates (id, tenant_id, name, category, severity, owasp_category, cwe_id, description, steps_to_reproduce, business_impact, technical_impact, remediation, reference_urls, tags, is_system, usage_count)
VALUES
(
    'a0000001-0000-0000-0000-000000000001', NULL,
    'SQL Injection', 'injection', 'critical', 'A03:2021', 'CWE-89',
    'SQL injection vulnerability allows an attacker to interfere with queries that an application makes to its database. It can allow an attacker to view data they are not normally able to retrieve, modify or delete data, and in some cases execute operating system commands.',
    ARRAY['Identify input fields that interact with the database','Insert SQL metacharacters (single quotes, double dashes, etc.)','Attempt UNION-based injection to extract data','Try blind SQL injection techniques if error messages are suppressed','Attempt to escalate from data extraction to command execution'],
    'Unauthorized access to sensitive data including customer records, credentials, and financial information. Potential for complete database compromise.',
    'Direct database manipulation allowing data extraction, modification, and deletion. Potential for remote code execution via xp_cmdshell or similar.',
    'Use parameterized queries (prepared statements) for all database interactions. Implement input validation with allowlists. Apply the principle of least privilege to database accounts. Deploy a Web Application Firewall (WAF) as defense in depth.',
    ARRAY['https://owasp.org/Top10/A03_2021-Injection/','https://cheatsheetseries.owasp.org/cheatsheets/SQL_Injection_Prevention_Cheat_Sheet.html'],
    ARRAY['sql','injection','database','owasp-top10'], TRUE, 0
),
(
    'a0000001-0000-0000-0000-000000000002', NULL,
    'Cross-Site Scripting (XSS)', 'injection', 'high', 'A03:2021', 'CWE-79',
    'Cross-Site Scripting (XSS) attacks are a type of injection where malicious scripts are injected into trusted websites. An attacker can use XSS to send a malicious script to an unsuspecting user.',
    ARRAY['Identify all user input reflection points','Test with basic payloads: <script>alert(1)</script>','Try DOM-based XSS via URL fragments','Test stored XSS in persistent fields','Attempt filter bypass with encoding and obfuscation'],
    'Account takeover via session hijacking, defacement of the application, phishing attacks targeting users, and theft of sensitive client-side data.',
    'Execution of arbitrary JavaScript in victim browsers, enabling cookie theft, keylogging, and DOM manipulation.',
    'Implement context-aware output encoding. Use Content Security Policy (CSP) headers. Sanitize HTML input with a proven library. Enable HTTPOnly and Secure flags on session cookies.',
    ARRAY['https://owasp.org/Top10/A03_2021-Injection/','https://cheatsheetseries.owasp.org/cheatsheets/Cross_Site_Scripting_Prevention_Cheat_Sheet.html'],
    ARRAY['xss','injection','client-side','owasp-top10'], TRUE, 0
),
(
    'a0000001-0000-0000-0000-000000000003', NULL,
    'Broken Access Control - IDOR', 'authorization', 'high', 'A01:2021', 'CWE-639',
    'Insecure Direct Object Reference (IDOR) occurs when an application provides direct access to objects based on user-supplied input. An attacker can bypass authorization and access resources directly by modifying parameter values.',
    ARRAY['Identify all endpoints that reference objects by ID','Create two test accounts with different privileges','Access object using Account A credentials','Change the object ID to one owned by Account B','Verify if access control is properly enforced'],
    'Unauthorized access to other users data, potential for mass data exfiltration, privilege escalation, and violation of data privacy regulations.',
    'Bypassing authorization checks to access, modify, or delete resources belonging to other users or tenants.',
    'Implement proper access control checks on every request. Use indirect references (mapping tables) instead of direct object IDs. Validate that the authenticated user has permission to access the requested resource.',
    ARRAY['https://owasp.org/Top10/A01_2021-Broken_Access_Control/','https://cheatsheetseries.owasp.org/cheatsheets/Insecure_Direct_Object_Reference_Prevention_Cheat_Sheet.html'],
    ARRAY['idor','access-control','authorization','owasp-top10'], TRUE, 0
),
(
    'a0000001-0000-0000-0000-000000000004', NULL,
    'Sensitive Data Exposure', 'cryptographic', 'high', 'A02:2021', 'CWE-200',
    'Sensitive data exposure occurs when an application does not adequately protect sensitive information from being disclosed to attackers. This can include passwords, credit card numbers, health records, and personal information.',
    ARRAY['Review application for sensitive data in transit and at rest','Check TLS configuration and certificate validity','Inspect HTTP responses for sensitive data leakage','Test for sensitive data in client-side storage','Verify encryption algorithms and key management'],
    'Exposure of customer PII, financial data, or credentials leading to identity theft, financial fraud, regulatory fines, and reputational damage.',
    'Sensitive data transmitted or stored without encryption, weak cryptographic algorithms, missing TLS, or improper key management.',
    'Encrypt all sensitive data at rest and in transit. Use strong, up-to-date encryption algorithms (AES-256, TLS 1.3). Implement proper key management. Disable caching for sensitive data responses.',
    ARRAY['https://owasp.org/Top10/A02_2021-Cryptographic_Failures/'],
    ARRAY['data-exposure','cryptography','encryption','owasp-top10'], TRUE, 0
),
(
    'a0000001-0000-0000-0000-000000000005', NULL,
    'Security Misconfiguration', 'configuration', 'medium', 'A05:2021', 'CWE-16',
    'Security misconfiguration is the most common vulnerability. It can occur at any level of the application stack, including the network, platform, web server, application server, database, frameworks, and custom code.',
    ARRAY['Review default configurations of all components','Check for unnecessary services, ports, and features','Verify error handling does not expose stack traces','Test for default credentials on all services','Review HTTP security headers'],
    'Unauthorized access to system data or functionality, potential for full system compromise if default credentials or debug modes are enabled.',
    'Exposed debug endpoints, default credentials, verbose error messages, missing security headers, unnecessary services running.',
    'Implement a hardened configuration baseline. Remove all default credentials. Disable debug mode and verbose errors in production. Configure proper security headers. Regularly audit configurations.',
    ARRAY['https://owasp.org/Top10/A05_2021-Security_Misconfiguration/'],
    ARRAY['misconfiguration','hardening','defaults','owasp-top10'], TRUE, 0
),
(
    'a0000001-0000-0000-0000-000000000006', NULL,
    'Broken Authentication', 'authentication', 'critical', 'A07:2021', 'CWE-287',
    'Authentication vulnerabilities allow attackers to compromise passwords, keys, or session tokens, or to exploit implementation flaws to assume other users identities temporarily or permanently.',
    ARRAY['Test for weak password policies','Attempt credential stuffing with known breached credentials','Test session management (fixation, hijacking)','Check for missing brute-force protection','Verify MFA implementation and bypass attempts'],
    'Complete account takeover, unauthorized access to all user data and functionality, potential for lateral movement to other systems.',
    'Weak password policies, missing rate limiting, session fixation, predictable session tokens, missing MFA enforcement.',
    'Implement multi-factor authentication. Enforce strong password policies. Implement account lockout after failed attempts. Use secure session management with proper token rotation. Log and monitor authentication failures.',
    ARRAY['https://owasp.org/Top10/A07_2021-Identification_and_Authentication_Failures/'],
    ARRAY['authentication','session','credentials','owasp-top10'], TRUE, 0
),
(
    'a0000001-0000-0000-0000-000000000007', NULL,
    'Server-Side Request Forgery (SSRF)', 'injection', 'high', 'A10:2021', 'CWE-918',
    'SSRF flaws occur when a web application fetches a remote resource without validating the user-supplied URL. It allows an attacker to coerce the application to send crafted requests to unexpected destinations.',
    ARRAY['Identify all URL input parameters and file import features','Test with internal IP addresses (127.0.0.1, 10.x, 172.16.x, 192.168.x)','Attempt to access cloud metadata endpoints (169.254.169.254)','Try DNS rebinding to bypass allowlists','Test protocol handlers (file://, gopher://, dict://)'],
    'Access to internal services and data, potential for cloud credential theft via metadata endpoints, lateral movement within the network.',
    'Server makes requests to attacker-controlled destinations or internal services, bypassing firewalls and access controls.',
    'Validate and sanitize all user-supplied URLs. Implement allowlists for permitted domains and IP ranges. Block requests to internal IP ranges. Disable unnecessary URL schemes. Use network-level segmentation.',
    ARRAY['https://owasp.org/Top10/A10_2021-Server-Side_Request_Forgery_%28SSRF%29/'],
    ARRAY['ssrf','injection','internal-network','owasp-top10'], TRUE, 0
),
(
    'a0000001-0000-0000-0000-000000000008', NULL,
    'Insecure Deserialization', 'input_validation', 'critical', 'A08:2021', 'CWE-502',
    'Insecure deserialization often leads to remote code execution. Even if deserialization flaws do not result in RCE, they can be used to perform attacks including replay attacks, injection attacks, and privilege escalation.',
    ARRAY['Identify serialization formats in use (Java, PHP, .NET, Python pickle)','Intercept serialized data in requests and cookies','Attempt to modify serialized objects to escalate privileges','Test for gadget chain exploitation','Check for known deserialization vulnerabilities in frameworks'],
    'Remote code execution on the server, complete system compromise, data theft, and denial of service.',
    'Arbitrary code execution through crafted serialized objects, object injection leading to privilege escalation or data manipulation.',
    'Avoid accepting serialized objects from untrusted sources. Use simple data formats like JSON instead of native serialization. Implement integrity checks (digital signatures) on serialized objects. Isolate deserialization in low-privilege environments.',
    ARRAY['https://owasp.org/Top10/A08_2021-Software_and_Data_Integrity_Failures/'],
    ARRAY['deserialization','rce','input-validation','owasp-top10'], TRUE, 0
);

-- B. Granular Permissions (11 new)
INSERT INTO permissions (id, module_id, name, description, is_active)
VALUES
    ('pentest:campaigns:read', 'pentest', 'View Pentest Campaigns', 'View penetration testing campaigns', TRUE),
    ('pentest:campaigns:write', 'pentest', 'Manage Pentest Campaigns', 'Create and edit pentest campaigns', TRUE),
    ('pentest:campaigns:delete', 'pentest', 'Delete Pentest Campaigns', 'Delete pentest campaigns', TRUE),
    ('pentest:findings:read', 'pentest', 'View Pentest Findings', 'View pentest findings', TRUE),
    ('pentest:findings:write', 'pentest', 'Manage Pentest Findings', 'Create and edit pentest findings', TRUE),
    ('pentest:findings:delete', 'pentest', 'Delete Pentest Findings', 'Delete pentest findings', TRUE),
    ('pentest:retests:read', 'pentest', 'View Pentest Retests', 'View retest history', TRUE),
    ('pentest:retests:write', 'pentest', 'Manage Pentest Retests', 'Create and update retests', TRUE),
    ('pentest:templates:read', 'pentest', 'View Pentest Templates', 'View finding templates', TRUE),
    ('pentest:templates:write', 'pentest', 'Manage Pentest Templates', 'Create and edit finding templates', TRUE),
    ('pentest:reports:write', 'pentest', 'Manage Pentest Reports', 'Generate and manage pentest reports', TRUE)
ON CONFLICT (id) DO NOTHING;

-- Role Mappings
-- Owner (all 11)
INSERT INTO role_permissions (role_id, permission_id)
VALUES
    ('00000000-0000-0000-0000-000000000001', 'pentest:campaigns:read'),
    ('00000000-0000-0000-0000-000000000001', 'pentest:campaigns:write'),
    ('00000000-0000-0000-0000-000000000001', 'pentest:campaigns:delete'),
    ('00000000-0000-0000-0000-000000000001', 'pentest:findings:read'),
    ('00000000-0000-0000-0000-000000000001', 'pentest:findings:write'),
    ('00000000-0000-0000-0000-000000000001', 'pentest:findings:delete'),
    ('00000000-0000-0000-0000-000000000001', 'pentest:retests:read'),
    ('00000000-0000-0000-0000-000000000001', 'pentest:retests:write'),
    ('00000000-0000-0000-0000-000000000001', 'pentest:templates:read'),
    ('00000000-0000-0000-0000-000000000001', 'pentest:templates:write'),
    ('00000000-0000-0000-0000-000000000001', 'pentest:reports:write')
ON CONFLICT DO NOTHING;

-- Admin (all 11)
INSERT INTO role_permissions (role_id, permission_id)
VALUES
    ('00000000-0000-0000-0000-000000000002', 'pentest:campaigns:read'),
    ('00000000-0000-0000-0000-000000000002', 'pentest:campaigns:write'),
    ('00000000-0000-0000-0000-000000000002', 'pentest:campaigns:delete'),
    ('00000000-0000-0000-0000-000000000002', 'pentest:findings:read'),
    ('00000000-0000-0000-0000-000000000002', 'pentest:findings:write'),
    ('00000000-0000-0000-0000-000000000002', 'pentest:findings:delete'),
    ('00000000-0000-0000-0000-000000000002', 'pentest:retests:read'),
    ('00000000-0000-0000-0000-000000000002', 'pentest:retests:write'),
    ('00000000-0000-0000-0000-000000000002', 'pentest:templates:read'),
    ('00000000-0000-0000-0000-000000000002', 'pentest:templates:write'),
    ('00000000-0000-0000-0000-000000000002', 'pentest:reports:write')
ON CONFLICT DO NOTHING;

-- Member (read + write, no delete)
INSERT INTO role_permissions (role_id, permission_id)
VALUES
    ('00000000-0000-0000-0000-000000000003', 'pentest:campaigns:read'),
    ('00000000-0000-0000-0000-000000000003', 'pentest:campaigns:write'),
    ('00000000-0000-0000-0000-000000000003', 'pentest:findings:read'),
    ('00000000-0000-0000-0000-000000000003', 'pentest:findings:write'),
    ('00000000-0000-0000-0000-000000000003', 'pentest:retests:read'),
    ('00000000-0000-0000-0000-000000000003', 'pentest:retests:write'),
    ('00000000-0000-0000-0000-000000000003', 'pentest:templates:read'),
    ('00000000-0000-0000-0000-000000000003', 'pentest:templates:write'),
    ('00000000-0000-0000-0000-000000000003', 'pentest:reports:write')
ON CONFLICT DO NOTHING;

-- Viewer (read only)
INSERT INTO role_permissions (role_id, permission_id)
VALUES
    ('00000000-0000-0000-0000-000000000004', 'pentest:campaigns:read'),
    ('00000000-0000-0000-0000-000000000004', 'pentest:findings:read'),
    ('00000000-0000-0000-0000-000000000004', 'pentest:retests:read'),
    ('00000000-0000-0000-0000-000000000004', 'pentest:templates:read')
ON CONFLICT DO NOTHING;

-- C. Event Types (5 notification events)
INSERT INTO event_types (id, name, description, category, module_id, default_severity, is_active)
VALUES
    ('pentest_campaign_created', 'Pentest Campaign Created', 'New penetration testing campaign started', 'pentest', 'pentest', 'info', TRUE),
    ('pentest_finding_created', 'Pentest Finding Created', 'New finding from penetration test', 'pentest', 'pentest', 'high', TRUE),
    ('pentest_retest_completed', 'Pentest Retest Completed', 'Remediation verification completed', 'pentest', 'pentest', 'info', TRUE),
    ('pentest_campaign_completed', 'Pentest Campaign Completed', 'Penetration testing campaign finished', 'pentest', 'pentest', 'info', TRUE),
    ('pentest_finding_status_changed', 'Pentest Finding Status Changed', 'Manual finding status updated', 'pentest', 'pentest', 'info', TRUE)
ON CONFLICT (id) DO NOTHING;

-- D. "Pentest Operator" Permission Set (system preset)
INSERT INTO permission_sets (id, tenant_id, name, slug, description, set_type, is_active)
VALUES (
    'a0000002-0000-0000-0000-000000000001',
    NULL,
    'Pentest Operator',
    'pentest-operator',
    'Full access to penetration testing features. Can create campaigns, add findings, run retests, and generate reports. Does not include delete permissions.',
    'system',
    TRUE
) ON CONFLICT (id) DO NOTHING;

-- Pentest Operator permission set items (read + write, no delete)
INSERT INTO permission_set_items (permission_set_id, permission_id, modification_type)
VALUES
    ('a0000002-0000-0000-0000-000000000001', 'pentest:campaigns:read', 'add'),
    ('a0000002-0000-0000-0000-000000000001', 'pentest:campaigns:write', 'add'),
    ('a0000002-0000-0000-0000-000000000001', 'pentest:findings:read', 'add'),
    ('a0000002-0000-0000-0000-000000000001', 'pentest:findings:write', 'add'),
    ('a0000002-0000-0000-0000-000000000001', 'pentest:retests:read', 'add'),
    ('a0000002-0000-0000-0000-000000000001', 'pentest:retests:write', 'add'),
    ('a0000002-0000-0000-0000-000000000001', 'pentest:templates:read', 'add'),
    ('a0000002-0000-0000-0000-000000000001', 'pentest:templates:write', 'add'),
    ('a0000002-0000-0000-0000-000000000001', 'pentest:reports:write', 'add')
ON CONFLICT DO NOTHING;

-- Initial version for the permission set
INSERT INTO permission_set_versions (permission_set_id, version, changes, changed_at)
VALUES (
    'a0000002-0000-0000-0000-000000000001',
    1,
    '{"action": "created", "description": "Initial system permission set for Pentest Operator"}',
    NOW()
) ON CONFLICT DO NOTHING;
